model_name,target,best_alpha,solver,n_features,n_train,n_validation,n_test,fit_time_seconds,predict_time_seconds,intercept,coef_l2_norm,train_mae,train_rmse,train_r2,train_median_ae,train_explained_variance,train_mape,validation_mae,validation_rmse,validation_r2,validation_median_ae,validation_explained_variance,validation_mape,test_mae,test_rmse,test_r2,test_median_ae,test_explained_variance,test_mape
RidgeRegression,total_rentals,1000.0,auto,17,21787,4747,4755,0.0029444999963743612,0.00048554200475336984,64.6596594299346,20.69417960121647,20.053079985316327,28.254025312983785,0.4416782485626408,15.456934615191813,0.4416782485626408,0.6324800129078053,25.566318185246246,32.36578538944272,0.24438067398489804,21.39414463423313,0.31805666811753486,0.5470963144843959,28.67520881973399,35.90785190279121,0.1668865714879293,24.208418500362612,0.30712039920971135,0.583075558223919
