{
  "model_name": "RidgeRegression",
  "target": "total_rentals",
  "best_alpha": 1000.0,
  "solver": "auto",
  "n_features": 17,
  "n_train": 21787,
  "n_validation": 4747,
  "n_test": 4755,
  "fit_time_seconds": 0.0029444999963743612,
  "predict_time_seconds": 0.00048554200475336984,
  "intercept": 64.6596594299346,
  "coef_l2_norm": 20.69417960121647,
  "train_mae": 20.053079985316327,
  "train_rmse": 28.254025312983785,
  "train_r2": 0.4416782485626408,
  "train_median_ae": 15.456934615191813,
  "train_explained_variance": 0.4416782485626408,
  "train_mape": 0.6324800129078053,
  "validation_mae": 25.566318185246246,
  "validation_rmse": 32.36578538944272,
  "validation_r2": 0.24438067398489804,
  "validation_median_ae": 21.39414463423313,
  "validation_explained_variance": 0.31805666811753486,
  "validation_mape": 0.5470963144843959,
  "test_mae": 28.67520881973399,
  "test_rmse": 35.90785190279121,
  "test_r2": 0.1668865714879293,
  "test_median_ae": 24.208418500362612,
  "test_explained_variance": 0.30712039920971135,
  "test_mape": 0.583075558223919
}