model_name,target,best_n_neighbors,best_weights,best_p,n_features,n_train,n_validation,n_test,fit_time_seconds,predict_time_seconds,train_mae,train_rmse,train_r2,train_median_ae,train_explained_variance,train_mape,validation_mae,validation_rmse,validation_r2,validation_median_ae,validation_explained_variance,validation_mape,test_mae,test_rmse,test_r2,test_median_ae,test_explained_variance,test_mape
KNNRegressor,total_rentals,25,distance,2,17,21787,4747,4755,0.000716499998816289,0.8322937909979373,0.012399192905497469,0.5882739668013305,0.9997579622275338,3.865916490042309e-06,0.9997579627105551,0.004846484376703748,23.504139348426715,31.13974771036587,0.30054313631116747,18.576985027031256,0.3176247880863715,0.3862020104837542,24.417721119407126,32.35196555903973,0.3237198704407793,18.721524839129614,0.3677932733207162,0.36604948339211124
