{
  "model_name": "DummyRegressor",
  "strategy": "mean",
  "target": "total_rentals",
  "n_features": 17,
  "n_train": 21787,
  "n_validation": 4747,
  "n_test": 4755,
  "fit_time_seconds": 0.0007715000028838404,
  "predict_time_seconds": 0.0004827919983654283,
  "train_mae": 28.636894040710338,
  "train_rmse": 37.812731952275456,
  "train_r2": 0.0,
  "train_median_ae": 23.65965942993529,
  "train_explained_variance": 0.0,
  "train_mape": 1.317959320084722,
  "validation_mae": 36.99863327159619,
  "validation_rmse": 46.09959323500424,
  "validation_r2": -0.5329392479010095,
  "validation_median_ae": 32.34034057006471,
  "validation_explained_variance": 0.0,
  "validation_mape": 0.5848046627588195,
  "test_mae": 38.140610770456746,
  "test_rmse": 48.55739254977917,
  "test_r2": -0.5234773424284487,
  "test_median_ae": 31.65965942993529,
  "test_explained_variance": 1.1102230246251565e-16,
  "test_mape": 0.6505909190771523
}