n_estimators,learning_rate,max_depth,min_samples_leaf,subsample,train_rmse,validation_rmse,train_mae,validation_mae
200,0.05,3,5,1.0,21.15057811775842,27.0031171099064,14.778888558927438,20.52547730958501
300,0.03,3,10,0.8,21.448819460778264,27.106785043510865,14.975213444147204,20.536343268610107
300,0.05,3,10,0.8,20.185505750930577,28.21270242310127,14.053401754064298,21.734025598108655
100,0.05,3,5,1.0,23.410121713367644,28.72945751412835,16.39744892658336,21.74260344081055
200,0.05,2,5,1.0,24.230760634476756,28.90936477321695,16.934451790484392,21.717331819202215
200,0.03,2,5,1.0,25.48022475900163,30.40288208024883,17.944414584312923,22.748087348717338
100,0.05,2,5,1.0,25.844450780592094,30.812486020373626,18.162575146793543,22.99671668878697
100,0.03,2,5,1.0,27.43026196498931,32.182253759112605,19.431296244784058,23.942044043888988
