model_name,target,best_n_estimators,best_learning_rate,best_max_depth,best_min_samples_leaf,best_subsample,n_features,n_train,n_validation,n_test,fit_time_seconds,predict_time_seconds,train_mae,train_rmse,train_r2,train_median_ae,train_explained_variance,train_mape,validation_mae,validation_rmse,validation_r2,validation_median_ae,validation_explained_variance,validation_mape,test_mae,test_rmse,test_r2,test_median_ae,test_explained_variance,test_mape
GradientBoostingRegressor,total_rentals,200,0.05,3,5,1.0,17,21787,4747,4755,6.232395999999426,0.0498234579936252,14.778888558927438,21.15057811775842,0.6871267934822833,11.0870496106577,0.6871267934822833,0.4762146126763163,20.52547730958501,27.0031171099064,0.4740329272767785,16.25149518179886,0.496129093021628,0.3714462507519241,23.708015231302582,30.569207371893317,0.3961992610862606,19.574222752142177,0.45936900514333556,0.3803870227844641
