model_name,target,best_max_depth,best_min_samples_leaf,best_min_samples_split,tree_depth,n_leaves,n_features,n_train,n_validation,n_test,fit_time_seconds,predict_time_seconds,train_mae,train_rmse,train_r2,train_median_ae,train_explained_variance,train_mape,validation_mae,validation_rmse,validation_r2,validation_median_ae,validation_explained_variance,validation_mape,test_mae,test_rmse,test_r2,test_median_ae,test_explained_variance,test_mape
DecisionTreeRegressor,total_rentals,,10,20,22,1667,17,21787,4747,4755,0.10932929199771024,0.0049819159976323135,10.398712035837422,14.9692474341554,0.8432802168395229,7.5,0.8432802168395229,0.25572708509268566,21.33210867826725,28.63985588353544,0.4083397217601624,16.63636363636364,0.42534370452135273,0.3624695340062309,24.324053444743935,32.03216780250527,0.33702378818478107,19.090909090909093,0.40237385484121657,0.32306464698326787
