{
  "model_name": "LinearRegression",
  "target": "total_rentals",
  "n_features": 17,
  "n_train": 21787,
  "n_validation": 4747,
  "n_test": 4755,
  "fit_time_seconds": 0.01783145800436614,
  "predict_time_seconds": 0.002393750000919681,
  "intercept": 64.65965942993176,
  "train_mae": 20.08104293018202,
  "train_rmse": 28.226446138011386,
  "train_r2": 0.44276768894989293,
  "train_median_ae": 15.488467916293828,
  "train_explained_variance": 0.44276768894989293,
  "train_mape": 0.6240740153400046,
  "validation_mae": 26.139847380345493,
  "validation_rmse": 32.93663244950575,
  "validation_r2": 0.21749135599671987,
  "validation_median_ae": 22.03068469025574,
  "validation_explained_variance": 0.31295815420223305,
  "validation_mape": 0.5592466553613551,
  "test_mae": 29.404084140518844,
  "test_rmse": 36.72266999068728,
  "test_r2": 0.12864769619108718,
  "test_median_ae": 25.143836256336982,
  "test_explained_variance": 0.29363070122702517,
  "test_mape": 0.5984474986646119
}