n_estimators,max_depth,min_samples_leaf,min_samples_split,max_features,train_rmse,validation_rmse,train_mae,validation_mae
200,,5,10,sqrt,17.760635487838215,27.28152049707416,12.673398457344096,20.399572966211206
100,,5,10,sqrt,17.649170130513998,27.29517668085566,12.599332462840504,20.389498544570085
100,12.0,5,10,sqrt,20.322076178454736,28.319855312984554,14.38086597496371,21.100578036860227
200,12.0,10,20,sqrt,20.884638794722484,28.3287889451917,14.753896170176057,21.018009003271604
100,12.0,10,20,sqrt,20.93058852067164,28.332724650621383,14.798936286051878,21.029090064373985
200,12.0,5,10,sqrt,20.325344499746684,28.372388031780478,14.394843657398038,21.132987749961423
100,8.0,5,10,sqrt,23.812608483920528,29.624248524222246,16.707195945411186,21.97835479127924
200,8.0,5,10,sqrt,23.872231290013417,29.75634341175745,16.72953736556244,22.086487618957182
