alpha,train_rmse,validation_rmse,train_mae,validation_mae,non_zero_coefficients
0.001,28.226588915126467,32.93549827959661,20.080746381815636,26.139284397117887,17
0.01,28.2291386648906,32.91709817458573,20.080380168106103,26.122538762821414,16
0.1,28.242415512502163,32.694488785861665,20.07193252524906,25.9075684492406,16
0.5,28.294246919439633,32.09562187775748,20.048841444741047,25.292206071898168,10
1.0,28.405514411833476,31.64303637998016,20.073762137205406,24.78393013181459,10
2.0,28.78532447898117,31.125342806656487,20.331871944751942,24.03514182027595,9
5.0,30.63319821493355,32.67891259990426,21.994533724282235,24.607737053532826,5
10.0,34.73250674278939,40.639923445026156,25.850370260087047,31.476733522632895,3
