{
  "model_name": "LassoRegression",
  "target": "total_rentals",
  "best_alpha": 2.0,
  "max_iter": 10000,
  "tol": 0.0001,
  "n_features": 17,
  "n_non_zero_coefficients": 9,
  "n_train": 21787,
  "n_validation": 4747,
  "n_test": 4755,
  "fit_time_seconds": 0.027043166999646928,
  "predict_time_seconds": 0.002349333000893239,
  "intercept": 64.65965942993529,
  "train_mae": 20.331871944751942,
  "train_rmse": 28.78532447898117,
  "train_r2": 0.4204830451808268,
  "train_median_ae": 15.652695729928674,
  "train_explained_variance": 0.4204830451808267,
  "train_mape": 0.6851061973641204,
  "validation_mae": 24.03514182027595,
  "validation_rmse": 31.125342806656487,
  "validation_r2": 0.3011901086907304,
  "validation_median_ae": 19.520793816141065,
  "validation_explained_variance": 0.31028016368839606,
  "validation_mape": 0.5100409131411311,
  "test_mae": 26.206524670669115,
  "test_rmse": 33.486126121010784,
  "test_r2": 0.275472121019554,
  "test_median_ae": 21.47431056395466,
  "test_explained_variance": 0.3264544225183934,
  "test_mape": 0.5600555825596749
}